<?xml version="1.0" encoding="utf-8"?>
<extension type="module" version="3.0" client="administrator">
	<name>Dizi images</name>
	<author>Dizi</author>
	<creationDate>January 2013</creationDate>
	<copyright>Copyright (C) 2013 dizi.lt</copyright>
	<license>http://www.gnu.org/licenses/gpl-2.0.html GNU/GPL</license>
	<authorEmail>labs@dizi.lt</authorEmail>
	<authorUrl>http://www.dizi.lt/labs</authorUrl>
	<version>1.0.0</version>
	<description>MOD_IMAGES_XML_DESCRIPTION</description>
	
	<files>
		<filename module="mod_images">mod_images.php</filename>
		<filename>helper.php</filename>
		<filename>index.html</filename>
		<folder>tmpl</folder>
	</files>
	
	<media destination="com_di" folder="media">
		<folder>css</folder>
		<folder>images</folder>
		<folder>js</folder>
		
		<filename>index.html</filename>
	</media>
	
	<languages>
		<language tag="en-GB">language/en-GB/en-GB.mod_images.ini</language>
		<language tag="en-GB">language/en-GB/en-GB.mod_images.sys.ini</language>
	</languages>
	
	<help key="JHELP_EXTENSIONS_MODULE_MANAGER_ADMIN_CUSTOM" />
	
	<config>
		<fields name="params">
			<fieldset name="basic">
			</fieldset>
			<fieldset
				name="advanced">
				<field
					name="layout"
					type="modulelayout"
					label="JFIELD_ALT_LAYOUT_LABEL"
					description="JFIELD_ALT_MODULE_LAYOUT_DESC"
				/>

				<field
					name="moduleclass_sfx"
					type="text"
					label="COM_MODULES_FIELD_MODULECLASS_SFX_LABEL"
					description="COM_MODULES_FIELD_MODULECLASS_SFX_DESC"
				/>

				<field
					name="cache"
					type="list"
					default="1"
					label="COM_MODULES_FIELD_CACHING_LABEL"
					description="COM_MODULES_FIELD_CACHING_DESC">
					<option value="1">JGLOBAL_USE_GLOBAL</option>
					<option value="0">COM_MODULES_FIELD_VALUE_NOCACHING</option>
				</field>

				<field
					name="cache_time"
					type="text"
					default="900"
					label="COM_MODULES_FIELD_CACHE_TIME_LABEL"
					description="COM_MODULES_FIELD_CACHE_TIME_DESC"
				/>
			</fieldset>
		</fields>
	</config>
</extension>
